Method,AUC
Borda,0.8693534896485527
Markov,0.8667721785204022
MC1,0.8665996630194341
MC2,0.86769888369585
MC3,0.8665996630194341
BMARC,0.8411315827398651
BMARCW,0.8619860908461543
CEMC_k,0.8670916963630647
CEMC_s,0.8693534896485527
BIRRA,0.8682382370544851
RRA,0.867917641798002
