Method,18948
Borda,0.07000000000016371
Markov,58.320000000000164
MC1,71.17999999999984
MC2,60.65000000000009
MC3,73.84999999999991
BMARC,140
BMARCW,286.8600000000001
CEMC_k,2044.8600000000001
CEMC_s,23.68000000000029
BIRRA,0.410000000000764
RRA,1
