Method,AUC
Borda,0.8772056700497383
Markov,0.8764362683638837
MC1,0.8772730863309744
MC2,0.8773120963292078
MC3,0.8772730863309744
BMARC,0.8522353799087419
BMARCW,0.86986026248962
CEMC_k,0.8770487058797893
CEMC_s,0.8772056700497383
BIRRA,0.8755191442782353
RRA,0.8711384965838527
