Method,18658
Borda,0.0800000000000125
Markov,61.20999999999998
MC1,67.28
MC2,61.77999999999997
MC3,73.24000000000001
BMARC,133.50000000000006
BMARCW,272.64
CEMC_k,1975.39
CEMC_s,22.809999999999945
BIRRA,0.40000000000009095
RRA,1
