Method,AUC
Borda,0.836615001778235
Markov,0.8365593526281807
MC1,0.8378815637447419
MC2,0.8373078518231714
MC3,0.8378815637447419
BMARC,0.797962905762968
BMARCW,0.8271572746490388
CEMC_k,0.8354812183212228
CEMC_s,0.836615001778235
BIRRA,0.8360050816556112
RRA,0.831007579522998
