Method,18470
Borda,0.0500000000001819
Markov,61.82999999999993
MC1,68.27999999999975
MC2,62.35999999999967
MC3,74.53999999999996
BMARC,131.17000000000007
BMARCW,261.9200000000001
CEMC_k,1936.9900000000007
CEMC_s,23.170000000000073
BIRRA,0.4499999999989086
RRA,0.9900000000016007
