Method,AUC
Borda,0.8599169020969792
Markov,0.8573604213152907
MC1,0.8592644077353103
MC2,0.8587763771923511
MC3,0.8592644077353103
BMARC,0.8297721124547134
BMARCW,0.8453156490678759
CEMC_k,0.8603934235466302
CEMC_s,0.8599169020969792
BIRRA,0.8589039894191319
RRA,0.8556378436982653
