Method,18424
Borda,0.050000000001091394
Markov,61.98999999999978
MC1,66.60000000000036
MC2,64.63999999999942
MC3,70.79999999999927
BMARC,129.5
BMARCW,264.4400000000005
CEMC_k,1909.58
CEMC_s,23.230000000001382
BIRRA,0.4500000000007276
RRA,0.9699999999993452
