Method,AUC
Borda,0.8601139524085378
Markov,0.8579769305820044
MC1,0.860650866235872
MC2,0.8596485834274551
MC3,0.860650866235872
BMARC,0.832265284745406
BMARCW,0.8408536328831672
CEMC_k,0.8609995751230132
CEMC_s,0.8601139524085378
BIRRA,0.8587050929913482
RRA,0.8506820146350628
