Method,18996
Borda,0.049999999999272404
Markov,62.51999999999862
MC1,69.14999999999964
MC2,58.36000000000058
MC3,72.84000000000015
BMARC,136.1900000000005
BMARCW,278.0400000000009
CEMC_k,2035.3999999999996
CEMC_s,23.80999999999949
BIRRA,0.47999999999956344
RRA,1
